{"development": [[0.49749014280311926, "SrchIdStandardizedExperiment", "run_development_20180518125746"], [0.49746581221688146, "UserHistoryNormalizedExperiment", "run_development_20180518173332"], [0.49714469954988644, "SrchIdNormalizedExperiment", "run_development_20180518132752"], [0.49712999997751994, "deGrootExperiment", "run_development_20180521213415"], [0.49570365593086996, "deGrootonlymissingExperiment", "run_development_20180522003136"], [0.49560389689065065, "UserHistoryExperiment", "run_development_20180518170934"], [0.4950346525514877, "BaseExperiment", "run_development_20180518123354"]], "mini": [[0.4791666211895943, "UserHistoryNormalizedExperiment", "run_mini_20180518171834"], [0.4779894334695735, "deGrootExperiment", "run_mini_20180521212843"], [0.47758576530903774, "SrchIdNormalizedExperiment", "run_mini_20180518120316"], [0.4762634628807706, "SrchIdStandardizedExperiment", "run_mini_20180518115929"], [0.47303271920327533, "moreleafsexperimentonbase", "run_mini_20180522111554"], [0.47165746108241036, "BaseExperiment", "run_mini_20180518140402"], [0.47165746108241036, "UserHistoryExperiment", "run_mini_20180518165853"], [0.47165746108241036, "BaseExperiment", "run_mini_20180518115627"], [0.4712450037055049, "deGrootonlymissingExperiment", "run_mini_20180522002651"]], "medium": [[0.5049811517714216, "deGrootonlymissingExperiment", "run_medium_20180522004417"], [0.5049313298737198, "SrchIdStandardizedExperiment", "run_medium_20180518190407"], [0.503213257589297, "BaseExperiment", "run_medium_20180518141916"], [0.5025670686173511, "SrchIdNormalizedExperiment", "run_medium_20180518174651"], [0.5025655614942313, "deGrootExperiment", "run_medium_20180521214943"], [0.50227059562381, "UserHistoryNormalizedExperiment", "run_medium_20180518205133"]], "full": [[0.5110978653459649, "deGrootExperiment", "run_full_20180521224742"], [0.5105704262229477, "SrchIdStandardizedExperiment", "run_full_20180519084816"], [0.5093635558839332, "UserHistoryNormalizedExperiment", "run_full_20180519173841"], [0.5074995607753092, "SrchIdNormalizedExperiment", "run_full_20180519032141"], [0.5044603129756013, "UserHistoryExperiment", "run_full_20180520004935"], [0.5040442832033312, "BaseExperiment", "run_full_20180518220530"], [0.5039375282909385, "deGrootonlymissingExperiment", "run_full_20180522020608"]]}