{"development": [[0.500571673823903, "HustinxExperimentE12_missingval_norm_ignore_comp", "run_development_20180518230823"], [0.49968840980668106, "SuperExperiment", "run_development_20180526052433"], [0.4996117584157977, "HustinxExperimentE11_month_hour_diff_missingval_ignore_comp", "run_development_20180518220240"], [0.49899534042021776, "HustinxExperimentE7_month_missingval_ignore_comp", "run_development_20180518195354"], [0.49887444880281884, "HustinxExperimentE4_hour_missingval_ignore_comp", "run_development_20180518185301"], [0.49861244353417333, "HustinxExperimentE11_month_hour_diff_missingval_ignore_comp", "run_development_20180518212335"], [0.49856791746102724, "HustinxExperimentE2_month_hour", "run_development_20180518181812"], [0.4983473908861245, "Developmenttrainingdatacombiningwithstandardized", "run_development_20180524145542"], [0.49800596373574957, "HustinxExperimentE9_month_hour_seizoen_dagdeel_diff_excl_comp", "run_development_20180518204132"], [0.4979303760839139, "HustinxExperimentE6_seizoen", "run_development_20180518193102"], [0.4977568931661371, "HustinxExperimentE3_diff", "run_development_20180518183403"], [0.497570469672851, "Developmenttrainingdata0combiningwithstandardized", "run_development_20180524151732"], [0.49749014280311926, "SrchIdStandardizedExperiment", "run_development_20180518125746"], [0.49746581221688146, "UserHistoryNormalizedExperiment", "run_development_20180518173332"], [0.49744814381606434, "HustinxExperimentE5_dagdeel", "run_development_20180518191201"], [0.49714469954988644, "SrchIdNormalizedExperiment", "run_development_20180518132752"], [0.49712999997751994, "deGrootExperiment", "run_development_20180521213415"], [0.49627077128520763, "HustinxExperimentE8_month_hour_season_daypart", "run_development_20180518202226"], [0.4957371797804261, "Developmenttrainingdatareset0combining", "run_development_20180524144445"], [0.49570365593086996, "deGrootonlymissingExperiment", "run_development_20180522003136"], [0.49560389689065065, "UserHistoryExperiment", "run_development_20180518170934"], [0.4950346525514877, "BaseExperiment", "run_development_20180518123354"], [0.49499070088183905, "BaseExperiment", "run_development_20180518154530"], [0.4948867350855029, "BaseExperimentwithimprovedleafs", "run_development_20180524143408"], [0.4124764196727463, "CtrCvrSrchIdStandardizedExperiment", "run_development_20180526034317"]], "mini": [[0.4791666211895943, "UserHistoryNormalizedExperiment", "run_mini_20180518171834"], [0.47896857105656937, "SuperCtrCvrExperiment", "run_mini_20180526052906"], [0.4788872560811009, "SuperExperiment", "run_mini_20180526051300"], [0.4779894334695735, "deGrootExperiment", "run_mini_20180521212843"], [0.47758576530903774, "SrchIdNormalizedExperiment", "run_mini_20180518120316"], [0.4762634628807706, "SrchIdStandardizedExperiment", "run_mini_20180518115929"], [0.47303271920327533, "moreleafsexperimentonbase", "run_mini_20180522111554"], [0.47165746108241036, "BaseExperiment", "run_mini_20180518115627"], [0.47165746108241036, "BaseExperiment", "run_mini_20180518122342"], [0.47165746108241036, "BaseExperiment", "run_mini_20180518140402"], [0.47165746108241036, "UserHistoryExperiment", "run_mini_20180518165853"], [0.47165746108241036, "BaseExperiment", "run_mini_20180526041336"], [0.47150122741034756, "BaseExperiment", "run_mini_20180518151756"], [0.47150122741034756, "BaseExperiment", "run_mini_20180518152706"], [0.4713592381830482, "HustinxExperimentE2_month_hour", "run_mini_20180518151342"], [0.4712450037055049, "deGrootonlymissingExperiment", "run_mini_20180522002651"], [0.4686517554607931, "CtrCvrSrchIdStandardizedExperiment", "run_mini_20180526043231"], [0.3662287140348199, "CtrCvrSrchIdStandardizedExperiment", "run_mini_20180526033328"], [0.3662287140348199, "CtrCvrSrchIdStandardizedExperiment", "run_mini_20180526040145"]], "medium": [[0.5059408843970203, "HustinxExperimentE12_missingval_norm_ignore_comp", "run_medium_20180518233605"], [0.5049811517714216, "deGrootonlymissingExperiment", "run_medium_20180522004417"], [0.5049313298737198, "SrchIdStandardizedExperiment", "run_medium_20180518190407"], [0.5037387229293855, "HustinxExperimentE19", "run_medium_20180525000908"], [0.503213257589297, "BaseExperiment", "run_medium_20180518141916"], [0.5032086944902164, "BaseExperiment", "run_medium_20180518170007"], [0.5025670686173511, "SrchIdNormalizedExperiment", "run_medium_20180518174651"], [0.5025655614942313, "deGrootExperiment", "run_medium_20180521214943"], [0.50227059562381, "UserHistoryNormalizedExperiment", "run_medium_20180518205133"], [0.5013414973481899, "HustinxExperimentE19", "run_medium_20180524202541"], [0.5012383718802247, "HustinxExperimentE18", "run_medium_20180524180747"], [0.4961208002534874, "CtrCvrSrchIdStandardizedExperiment", "run_medium_20180526050935"]], "full": [[0.5159647330223494, "srchidstandardizermissingdataExperiment", "run_full_20180523085628"], [0.5121238751383936, "HustinxExperimentE15_daypart_season_norm_srchid_diff_incl_comp", "run_full_20180521022408"], [0.5119781622040785, "HustinxExperimentE13_hour_month_diff_norm_srchid_incl_comp", "run_full_20180520004242"], [0.5118774315264207, "MissingValHustinxExperiment2", "run_full_20180526051002"], [0.5118338986448169, "HustinxExperimentE14_hour_month_season_daypart_diff_norm_srchid_incl_comp", "run_full_20180520122721"], [0.511423093689888, "HustinxExperimentE16", "run_full_20180523154153"], [0.5110978653459649, "deGrootExperiment", "run_full_20180521224742"], [0.5108070965981741, "HustinxExperimentE17", "run_full_20180524000848"], [0.5105704262229477, "SrchIdStandardizedExperiment", "run_full_20180519084816"], [0.5103019748513836, "HustinxExperimentE12_missingval_norm_ignore_comp", "run_full_20180519011804"], [0.5100917846059294, "HustinxExperimentE21", "run_full_20180525173105"], [0.5093635558839332, "UserHistoryNormalizedExperiment", "run_full_20180519173841"], [0.5093387280081397, "SuperExperiment", "run_full_20180526060437"], [0.5080899247542209, "BaseExperimentepochs1500earlystopping150leafs20", "run_full_20180524012820"], [0.5074995607753092, "SrchIdNormalizedExperiment", "run_full_20180519032141"], [0.5074965427538806, "SrchIdNormalizedExperiment", "run_full_20180521173932"], [0.5044603129756013, "UserHistoryExperiment", "run_full_20180520004935"], [0.5040634571744552, "BaseExperiment", "run_full_20180521120423"], [0.5040442832033312, "BaseExperiment", "run_full_20180518220530"], [0.5039375282909385, "deGrootonlymissingExperiment", "run_full_20180522020608"]]}