{"development": [[0.49749014280311926, "SrchIdStandardizedExperiment", "run_development_20180518125746"], [0.49714469954988644, "SrchIdNormalizedExperiment", "run_development_20180518132752"], [0.49712999997751994, "deGrootExperiment", "run_development_20180521213415"], [0.49570365593086996, "deGrootonlymissingExperiment", "run_development_20180522003136"], [0.4950346525514877, "BaseExperiment", "run_development_20180518123354"]], "mini": [[0.4779894334695735, "deGrootExperiment", "run_mini_20180521212843"], [0.47758576530903774, "SrchIdNormalizedExperiment", "run_mini_20180518120316"], [0.4762634628807706, "SrchIdStandardizedExperiment", "run_mini_20180518115929"], [0.47303271920327533, "moreleafsexperimentonbase", "run_mini_20180522111554"], [0.47165746108241036, "BaseExperiment", "run_mini_20180518115627"], [0.4712450037055049, "deGrootonlymissingExperiment", "run_mini_20180522002651"]], "medium": [[0.5049811517714216, "deGrootonlymissingExperiment", "run_medium_20180522004417"], [0.5025655614942313, "deGrootExperiment", "run_medium_20180521214943"]], "full": [[0.5110978653459649, "deGrootExperiment", "run_full_20180521224742"], [0.5039375282909385, "deGrootonlymissingExperiment", "run_full_20180522020608"]]}