{"development": [[0.500571673823903, "HustinxExperimentE12_missingval_norm_ignore_comp", "run_development_20180518230823"], [0.4996117584157977, "HustinxExperimentE11_month_hour_diff_missingval_ignore_comp", "run_development_20180518220240"], [0.49899534042021776, "HustinxExperimentE7_month_missingval_ignore_comp", "run_development_20180518195354"], [0.49887444880281884, "HustinxExperimentE4_hour_missingval_ignore_comp", "run_development_20180518185301"], [0.49861244353417333, "HustinxExperimentE11_month_hour_diff_missingval_ignore_comp", "run_development_20180518212335"], [0.49856791746102724, "HustinxExperimentE2_month_hour", "run_development_20180518181812"], [0.49800596373574957, "HustinxExperimentE9_month_hour_seizoen_dagdeel_diff_excl_comp", "run_development_20180518204132"], [0.4979303760839139, "HustinxExperimentE6_seizoen", "run_development_20180518193102"], [0.4977568931661371, "HustinxExperimentE3_diff", "run_development_20180518183403"], [0.49749014280311926, "SrchIdStandardizedExperiment", "run_development_20180518125746"], [0.49744814381606434, "HustinxExperimentE5_dagdeel", "run_development_20180518191201"], [0.49714469954988644, "SrchIdNormalizedExperiment", "run_development_20180518132752"], [0.49627077128520763, "HustinxExperimentE8_month_hour_season_daypart", "run_development_20180518202226"], [0.4950346525514877, "BaseExperiment", "run_development_20180518123354"], [0.49499070088183905, "BaseExperiment", "run_development_20180518154530"]], "mini": [[0.47758576530903774, "SrchIdNormalizedExperiment", "run_mini_20180518120316"], [0.4762634628807706, "SrchIdStandardizedExperiment", "run_mini_20180518115929"], [0.47165746108241036, "BaseExperiment", "run_mini_20180518115627"], [0.47165746108241036, "BaseExperiment", "run_mini_20180518122342"], [0.47150122741034756, "BaseExperiment", "run_mini_20180518151756"], [0.47150122741034756, "BaseExperiment", "run_mini_20180518152706"], [0.4713592381830482, "HustinxExperimentE2_month_hour", "run_mini_20180518151342"]], "medium": [[0.5059408843970203, "HustinxExperimentE12_missingval_norm_ignore_comp", "run_medium_20180518233605"], [0.5032086944902164, "BaseExperiment", "run_medium_20180518170007"]], "full": [[0.5121238751383936, "HustinxExperimentE15_daypart_season_norm_srchid_diff_incl_comp", "run_full_20180521022408"], [0.5119781622040785, "HustinxExperimentE13_hour_month_diff_norm_srchid_incl_comp", "run_full_20180520004242"], [0.5118338986448169, "HustinxExperimentE14_hour_month_season_daypart_diff_norm_srchid_incl_comp", "run_full_20180520122721"], [0.5103019748513836, "HustinxExperimentE12_missingval_norm_ignore_comp", "run_full_20180519011804"], [0.5074965427538806, "SrchIdNormalizedExperiment", "run_full_20180521173932"], [0.5040634571744552, "BaseExperiment", "run_full_20180521120423"]]}