{"development": [[0.49749014280311926, "SrchIdStandardizedExperiment", "run_development_20180518125746"], [0.49714469954988644, "SrchIdNormalizedExperiment", "run_development_20180518132752"], [0.4950346525514877, "BaseExperiment", "run_development_20180518123354"]], "mini": [[0.47758576530903774, "SrchIdNormalizedExperiment", "run_mini_20180518120316"], [0.4762634628807706, "SrchIdStandardizedExperiment", "run_mini_20180518115929"], [0.47165746108241036, "BaseExperiment", "run_mini_20180518115627"], [0.47165746108241036, "BaseExperiment", "run_mini_20180518122342"]]}