{"development": [[0.4996407601055408, "SrchIdMultiStandardizedExperiment", "run_development_20180517150252"], [0.49865469721567507, "SrchIdMultiNormalizedExperiment", "run_development_20180517143727"], [0.4950149223793639, "BaseExperiment", "run_development_20180517142230"], [0.4946490192494866, "SrchIdNormalizedExperiment", "run_development_20180517145148"], [0.17767858284586446, "SrchIdMultiStandardizedAllGroupsExceptMonthExperiment", "run_development_20180517160834"]], "mini": [[0.4684437729502636, "SrchIdNormalizedExperiment", "run_mini_20180517141502"], [0.4684437729502636, "SrchIdNormalizedExperiment", "run_mini_20180517171500"], [0.4684437729502636, "SrchIdNormalizedExperiment", "run_mini_20180517173023"], [0.4684437729502636, "SrchIdNormalizedExperiment", "run_mini_20180517174655"], [0.46661178612782184, "SrchIdMultiStandardizedExperiment", "run_mini_20180517141654"], [0.46480209382371573, "SrchIdMultiNormalizedExperiment", "run_mini_20180517141418"], [0.46480209382371573, "SrchIdMultiNormalizedExperiment", "run_mini_20180518095210"], [0.46028456076485186, "BaseExperiment", "run_mini_20180517141330"], [0.46028456076485186, "BaseExperiment", "run_mini_20180518105914"], [0.46028456076485186, "BaseExperiment", "run_mini_20180518110649"], [0.46028456076485186, "BaseExperiment", "run_mini_20180518110910"], [0.3539345729149361, "SrchIdMultiStandardizedAllGroupsExceptMonthExperiment", "run_mini_20180517155907"], [0.3539345729149361, "SrchIdMultiStandardizedAllGroupsExceptMonthExperiment", "run_mini_20180517235356"]], "medium": [[0.5058918456817603, "SrchIdMultiNormalizedExperiment", "run_medium_20180518100909"], [0.5047004781589485, "SrchIdMultiStandardizedExperiment", "run_medium_20180518001044"], [0.5025513077348978, "BaseExperiment", "run_medium_20180517165517"], [0.09391354471860765, "SrchIdMultiStandardizedAllGroupsExceptMonthExperiment", "run_medium_20180518014552"]], "full": [[0.5083358965090071, "SrchIdMultiStandardizedExperiment", "run_full_20180518041924"], [0.5047270675432203, "BaseExperiment", "run_full_20180517182423"]]}